{
  "prepare_queue": {
    "installed": [],
    "uninstalled": []
  },
  "config_munge": {
    "files": {
      "res/xml/config.xml": {
        "parents": {
          "/*": [
            {
              "xml": "<feature name=\"CordovaCall\"><param name=\"android-package\" value=\"com.dmarc.cordovacall.CordovaCall\" /><param name=\"onload\" value=\"true\" /></feature>",
              "count": 1
            },
            {
              "xml": "<feature name=\"Calendar\"><param name=\"android-package\" value=\"nl.xservices.plugins.Calendar\" /></feature>",
              "count": 1
            },
            {
              "xml": "<feature name=\"CallNumber\"><param name=\"android-package\" value=\"mx.ferreyra.callnumber.CFCallNumber\" /></feature>",
              "count": 1
            },
            {
              "xml": "<feature name=\"InAppBrowser\"><param name=\"android-package\" value=\"org.apache.cordova.inappbrowser.InAppBrowser\" /></feature>",
              "count": 1
            },
            {
              "xml": "<feature name=\"Whitelist\"><param name=\"android-package\" value=\"org.apache.cordova.whitelist.WhitelistPlugin\" /><param name=\"onload\" value=\"true\" /></feature>",
              "count": 1
            },
            {
              "xml": "<feature name=\"SocialSharing\"><param name=\"android-package\" value=\"nl.xservices.plugins.SocialSharing\" /></feature>",
              "count": 1
            }
          ]
        }
      },
      "AndroidManifest.xml": {
        "parents": {
          "/*": [
            {
              "xml": "<uses-permission android:name=\"android.permission.BIND_TELECOM_CONNECTION_SERVICE\" />",
              "count": 1
            },
            {
              "xml": "<uses-permission android:name=\"android.permission.CALL_PHONE\" />",
              "count": 2
            },
            {
              "xml": "<uses-permission android:name=\"android.permission.MANAGE_OWN_CALLS\" />",
              "count": 1
            },
            {
              "xml": "<uses-feature android:name=\"android.hardware.telephony\" android:required=\"false\" />",
              "count": 1
            },
            {
              "xml": "<uses-permission android:name=\"android.permission.WRITE_EXTERNAL_STORAGE\" />",
              "count": 1
            }
          ],
          "/manifest/application": [
            {
              "xml": "<service android:name=\"com.dmarc.cordovacall.MyConnectionService\" android:permission=\"android.permission.BIND_TELECOM_CONNECTION_SERVICE\"><intent-filter><action android:name=\"android.telecom.ConnectionService\" /></intent-filter></service>",
              "count": 1
            },
            {
              "xml": "<provider android:authorities=\"${applicationId}.sharing.provider\" android:exported=\"false\" android:grantUriPermissions=\"true\" android:name=\"nl.xservices.plugins.FileProvider\"><meta-data android:name=\"android.support.FILE_PROVIDER_PATHS\" android:resource=\"@xml/sharing_paths\" /></provider>",
              "count": 1
            }
          ],
          "/manifest": [
            {
              "xml": "<uses-permission android:name=\"android.permission.READ_CALENDAR\" />",
              "count": 1
            },
            {
              "xml": "<uses-permission android:name=\"android.permission.WRITE_CALENDAR\" />",
              "count": 1
            }
          ],
          "/*/application": [
            {
              "xml": "<receiver android:enabled=\"true\" android:name=\"nl.xservices.plugins.ShareChooserPendingIntent\"><intent-filter><action android:name=\"android.intent.action.SEND\" /></intent-filter></receiver>",
              "count": 1
            }
          ]
        }
      }
    }
  },
  "installed_plugins": {
    "cordova-call": {
      "PACKAGE_NAME": "mitsui.citas.mb"
    },
    "cordova-plugin-calendar": {
      "PACKAGE_NAME": "mitsui.citas.mb"
    },
    "cordova-plugin-call-number": {
      "PACKAGE_NAME": "mitsui.citas.mb"
    },
    "cordova-plugin-inappbrowser": {
      "PACKAGE_NAME": "mitsui.citas.mb"
    },
    "cordova-plugin-whitelist": {
      "PACKAGE_NAME": "mitsui.citas.mb"
    },
    "es6-promise-plugin": {
      "PACKAGE_NAME": "mitsui.citas.mb"
    },
    "cordova-plugin-x-socialsharing": {
      "PACKAGE_NAME": "mitsui.citas.mb"
    }
  },
  "dependent_plugins": {},
  "modules": [
    {
      "id": "cordova-call.CordovaCall",
      "file": "plugins/cordova-call/www/CordovaCall.js",
      "pluginId": "cordova-call",
      "clobbers": [
        "cordova.plugins.CordovaCall"
      ]
    },
    {
      "id": "cordova-plugin-calendar.Calendar",
      "file": "plugins/cordova-plugin-calendar/www/Calendar.js",
      "pluginId": "cordova-plugin-calendar",
      "clobbers": [
        "Calendar"
      ]
    },
    {
      "id": "cordova-plugin-call-number.CallNumber",
      "file": "plugins/cordova-plugin-call-number/www/CallNumber.js",
      "pluginId": "cordova-plugin-call-number",
      "clobbers": [
        "call"
      ]
    },
    {
      "id": "cordova-plugin-inappbrowser.inappbrowser",
      "file": "plugins/cordova-plugin-inappbrowser/www/inappbrowser.js",
      "pluginId": "cordova-plugin-inappbrowser",
      "clobbers": [
        "cordova.InAppBrowser.open",
        "window.open"
      ]
    },
    {
      "id": "es6-promise-plugin.Promise",
      "file": "plugins/es6-promise-plugin/www/promise.js",
      "pluginId": "es6-promise-plugin",
      "runs": true
    },
    {
      "id": "cordova-plugin-x-socialsharing.SocialSharing",
      "file": "plugins/cordova-plugin-x-socialsharing/www/SocialSharing.js",
      "pluginId": "cordova-plugin-x-socialsharing",
      "clobbers": [
        "window.plugins.socialsharing"
      ]
    }
  ],
  "plugin_metadata": {
    "cordova-call": "1.1.6",
    "cordova-plugin-calendar": "5.1.2",
    "cordova-plugin-call-number": "1.0.1",
    "cordova-plugin-inappbrowser": "3.0.0",
    "cordova-plugin-whitelist": "1.3.3",
    "es6-promise-plugin": "4.2.2",
    "cordova-plugin-x-socialsharing": "5.4.1"
  }
}
